Product Name,Price,Rating
"Samsung Galaxy S25 Ultra, 512GB Smartphone, Unlocked Android, AI Night Mode Camera, Snapdragon 8 Elite Fast Processor, 5000mAh Battery, Built-in S Pen, 2025, US 1 Yr Warranty, Titanium Black | AI Smartphone, AI Camera, Fast Processor, Long Battery Life, 2025","$1,169.99",4.6 out of 5 stars
Motorola Moto G Play | 2024 | Unlocked | Made for US 4/64GB | 50MP Camera | Sapphire Blue,$99.99,4.3 out of 5 stars
Motorola Moto G Power 5G | 2024 | Unlocked | Made for US 8/128GB | 50MP Camera | Midnight Blue,$129.99,4.3 out of 5 stars
"Samsung Galaxy S21 5G, US Version, 128GB, Phantom Violet - Unlocked (Renewed)",$199.99,4.0 out of 5 stars
"Google Pixel 9a with Gemini - Unlocked Android Smartphone with Incredible Camera and AI Photo Editing, All-Day Battery, and Powerful Security - Obsidian - 128 GB",$399.00,4.5 out of 5 stars
"Samsung Galaxy S22 Smartphone, Factory Unlocked Android Cell Phone, 128GB, 8K Camera & Video, Brightest Display, Long Battery Life, Fast 4nm Processor, US Version, Phantom Black (Renewed)",$179.08,3.9 out of 5 stars
Motorola Moto G - 2025 | Unlocked | Made for US 4/128GB | 50MP Camera | Forest Gray,$259.99,4.3 out of 5 stars
Motorola Moto G Stylus 5G | 2024 | Unlocked | Made for US 8/256GB | 50MP Camera | Caramel Latte,$249.99,4.5 out of 5 stars
"SAMSUNG Galaxy A16 4G LTE (128GB + 4GB) International Model SM-A165F/DS Factory Unlocked 6.7"" Dual Sim 50MP Dual Cam (Case Bundle) (Light Green)",$129.50,4.2 out of 5 stars
EERKEOD Baby Crib Mobile Bear Nursery Mobile for Boys Girls Teddy Velvet Mobile Nursery Decor for Infant Bedroom Hanging Baby Mobile for Bassinet Newborn Baby Gift（Brown Bear）,$23.99,4.6 out of 5 stars
"The Peanutshell Crib Mobile for Boys or Girls - Light and Dark Blue Musical Baby Crib Mobile with 12 Lullabies, Ocean Baby Nautical Nursery Decor",$39.99,4.6 out of 5 stars
"Baby Crib Mobile with Music and Lights, Mobile for Crib with Remote Control, Rotation, Starlight Projection, Crib Toys for Babies Boys Girls(Green)",$36.99,4.0 out of 5 stars
"Baby Mobile for Crib, Baby Crib Mobile for Boys Girls, Baby Mobile for Bassinet, Boho Nursery Mobile, Nursery Decor Theme for Infant Bedroom Hanging, Gender Neutral Baby Gift",$23.99,4.4 out of 5 stars
"Samsung Galaxy S20 FE 5G, 128GB, Cloud Mint - Single SIM - Unlocked (Renewed)",$148.90,3.9 out of 5 stars
"Crib Mobile with Music and Lights, Baby Mobiles for Cribs, Nursery Musical Mobile for Bassinets Toys Hanging Girls Boys, Pack and Play Space Portable Animal Mobile Hanger Arm Clip On Attachment",$19.99,4.1 out of 5 stars
"Crib Mobile Holder, HBM Wooden Mobile Arm & Hanger for Crib, Nursery Decor for Baby Girl Boy",$19.99,4.3 out of 5 stars
"Tiny Love Meadow Days Baby Mobile for Crib, Newborn Baby Toys, Portable Mobile",N/A,4.3 out of 5 stars
"Apple iPhone 12, 64GB, Green - Fully Unlocked (Renewed)",$217.00,4.1 out of 5 stars
"The Peanutshell Crib Mobile for Girls - Soft Pink Musical Baby Crib Mobile with 12 Lullabies, Cute Animal Baby Wildest Dreams Nursery Decor",$39.99,4.7 out of 5 stars
"DJI Osmo Mobile SE, 3-Axis Phone Gimbal for iPhone, Android, Built-in Tripod, Selfie Stick, Gimbal Stabilizer for iphone, Andriod, ActiveTrack 6.0, Vlogging Stabilizer for Youtube, TikTok, Travel",$58.00,4.5 out of 5 stars
"The Peanutshell Crib Mobile for Boys or Girls - Grey and Green Camo Musical Baby Crib Mobile with 12 Lullabies, Dino Baby Dinosaur Nursery Decor",$39.99,4.6 out of 5 stars
"Dinosaur Crib Mobile – Grey and Green Dino Baby Crib Mobile with 3-Mode Music Box, Jurassic Dreams Baby Mobile for Boys & Girls, Nursery Mobiles, Fits Standard Cribs",$36.99,4.4 out of 5 stars
let's make Crib Mobile for Baby Boys Girls Ocean Whale Nursery Mobile Gender Neutral Baby Mobile Handmade Ceiling Mobile Best Gifts for Christmas Birthday Baby Shower,$23.99,4.6 out of 5 stars
"Baby Crib Mobile - Unicorn Crib Mobile for Girls with 25 Inches Mobile Arm and 35 Lullabies Musical Box, 3 Modes Digital, Volume Control, Essential Gift for Infant Bedroom Hanging Decor",$39.99,4.7 out of 5 stars
"Adjustable Arch Bassinet Toys for Infant & Toddlers, Stroller Arch, Baby Crib Toys with Fascinating Hanging for Stimulating Baby’s Senses and Developing Motor Skills",$19.94,4.6 out of 5 stars
Nokia 2780 Flip | Unlocked | Universally Compatible with All Mobile Carriers | Black,$89.99,3.7 out of 5 stars
"let's make Baby Crib Mobile for Boys Girls| Boho Nursery Mobile| Gender Neutral Hand-Crocheted Mobile| Ceiling Mobile - Stars, Clouds, Moon",$23.98,4.4 out of 5 stars
"Montessori Mobile, Black and White Mobile for Baby, Woodland Baby Crib Mobile for Boys Girls, Neutral Nursery Mobile High Contrast Mobile for Pack N Play, Nursery Decor Woodland",$18.95,4.7 out of 5 stars
"Animals Baby Crib Mobile - Safari Baby Mobile for Crib with 12 Lullabies for Boys & Girls, Nursery Mobiles, Fits Standard Cribs, Forest Nursery Decor",$36.99,4.4 out of 5 stars
"The Peanutshell Crib Mobile for Boys or Girls - White Musical Baby Crib Mobile with 12 Lullabies, Jungle Animal, Baby Safari Animals Nursery Decor",$39.99,4.5 out of 5 stars
"Crib Mobile 35 Lullaby Muisc, Cotton Baby Mobiles for Cribs & Pack N Play, Easy to Install, Stuffed Animals Hanging Toys Newborn Boys & Girls, Star Nursery Decor",$43.99,4.5 out of 5 stars
"The Peanutshell Crib Mobile for Boys or Girls - Woodgrain Musical Baby Crib Mobile with 12 Lullabies, Whimsical Woodland Baby Whimsical Woodland Nursery Decor",$44.99,4.7 out of 5 stars
"TUMAMA Baby Crib Mobile, Nursery Musical Mobile with Remote Control,Projection Night Light, Music and White Noise, Mute Spin Motor Nursery Sensory Toys for Infant 0 3 6 9 Month Newborn Xmas Gift",$47.71,4.1 out of 5 stars
Making Mobiles (Schiffer Book for Artists),$10.15,4.2 out of 5 stars
"Apple iPhone 16e, 128GB, eSIM, Black for Boost Mobile (Renewed)",$399.94,4.5 out of 5 stars
Making Creative Mobiles,$18.95,4.0 out of 5 stars
"Apple iPhone XR, 64GB, Coral - Unlocked (Renewed)",$168.00,4.4 out of 5 stars
"Crib Mobile With Music And Lights, Mobiles For Cribs, Baby Mobile Arm Toys Hanging For Bassinets Girls Boys, Nursery Musical Space Portable Infant Mobiles Clip On Pack And Play Hanger 0-6 Months",$22.99,4.1 out of 5 stars
Baby Mobile Rotary Music Box Imitation Wood with Rotating Hook Crib Mobile Motor,$14.95,4.2 out of 5 stars
"Jollybaby Musical Bassinet Stroller Crib Mobile Toy for Baby 0-6-12 Months, Infant Clip On Arch Hanging Toy with Music, Montessori Sensory Nursery Mobiles Attachment Toy for Newborn Gift - Starfish",$28.99,4.4 out of 5 stars
"teytoy My First Baby Crib Mobile, Black and White Baby Mobile for Crib, High Contrast Mobile Toy for Newborn Infants Boys and Girls",$29.99,4.2 out of 5 stars
Making Mobiles: Create beautiful Polish pajaki from natural materials,$21.17,4.6 out of 5 stars
"Boho Cloud Moon Crib Mobile Boho Baby Mobile for Crib Neutral Clouds, Moon & Stars Design Nursery Mobile for Boys & Girls",$29.99,4.5 out of 5 stars
Bunny Baby Mobile Girl Nursery Decor Baby Shower Gift Baby Girl Mobile,$31.90,5.0 out of 5 stars
"DOOGEE Note 58 Cell Phone Unlocked,Android 16 Smartphone with 32GB+128GB(TF 2TB), 6.75"" HD+ 90Hz Waterdrop Screen,6250mAh Battery,4G Dual SIM Unlock Mobile Phone, Widevine L1/NFC/OTG/Face Unlock",$119.98,4.3 out of 5 stars
"Samsung Galaxy Z Fold7 Cell Phone, 512GB AI Smartphone, Unlocked Android, AI Photo Edits, Large Screen, Long Battery Life, 2025, US 1 Yr Manufacturer Warranty, Blue Shadow (Renewed)","$1,499.97",3.7 out of 5 stars
Montessori Mobile Baby for Crib (TINITIGIES) - Black and White Mobile Give Visual Stimulation to Engage Your Newborn - Baby Crib Mobile for Boys & Girls - Baby Mobile for Crib,$39.99,4.6 out of 5 stars
"Feisike Jungle Safari Baby Crib Mobile with 35 Soothing Lullabies & 3 Modes - Adjustable Nursery Mobiles for Boys & Girls, Animal-Themed Nursery Decor Musical Mobile for Crib or Bassinet",$39.99,4.5 out of 5 stars
